dac_bits,adc_bits,dac_lsb_V,adc_lsb_V,dac_rms_voltage_error_V,adc_rms_voltage_error_V,max_recovery_error,rms_recovery_error,mean_recovery_error
3,3,0.14285714285714285,0.14285714285714285,0.04135882656819535,0.04334332675135248,0.29094285714285717,0.14176145442552657,1.4284285857123904e-05
3,4,0.14285714285714285,0.06666666666666667,0.04135882656819535,0.012640360456467478,0.2338,0.10533619925247517,1.999800019991066e-05
3,6,0.14285714285714285,0.015873015873015872,0.04135882656819535,0.005359072587155857,0.23809523809523814,0.10627380959521494,2.3807143095178326e-05
3,8,0.14285714285714285,0.00392156862745098,0.04135882656819535,0.0007242438808401139,0.22352941176470587,0.10536126688361992,2.235070610580273e-05
3,10,0.14285714285714285,0.0009775171065493646,0.04135882656819535,0.00034871582260895435,0.2218963831867058,0.10536551662490104,2.2187419576670702e-05
3,12,0.14285714285714285,0.0002442002442002442,0.04135882656819535,3.376190950655101e-05,0.22246642246642245,0.1054388653055305,2.2244417804801646e-05
4,3,0.06666666666666667,0.14285714285714285,0.01925633521541551,0.0391997714699972,0.22057142857142864,0.09290017583416464,1.4284285857149836e-05
4,4,0.06666666666666667,0.06666666666666667,0.01925633521541551,0.021641207039220206,0.1455333333333334,0.06624312011583927,6.666000066634045e-06
4,6,0.06666666666666667,0.015873015873015872,0.01925633521541551,0.004187936477918712,0.11111111111111116,0.049960144839322235,1.111000011111124e-05
4,8,0.06666666666666667,0.00392156862745098,0.01925633521541551,0.0008036553036804687,0.10588235294117654,0.04938399769737808,1.0587176576414049e-05
4,10,0.06666666666666667,0.0009775171065493646,0.01925633521541551,0.0002696600212569425,0.10459433040078203,0.04933632427527189,1.0458387201316493e-05
4,12,0.06666666666666667,0.0002442002442002442,0.01925633521541551,7.837598611573568e-05,0.10476190476190472,0.049329342527080405,1.047514296182791e-05
6,3,0.015873015873015872,0.14285714285714285,0.004581994257198271,0.041014760205841834,0.15174285714285718,0.08286677926411648,1.4284285857141666e-05
6,4,0.015873015873015872,0.06666666666666667,0.004581994257198271,0.019426792647265465,0.08653333333333324,0.04059125400472986,6.666000066618059e-06
6,6,0.015873015873015872,0.015873015873015872,0.004581994257198271,0.005147238543017061,0.039895238095238206,0.01564386889540011,1.5871428730161896e-06
6,8,0.015873015873015872,0.00392156862745098,0.004581994257198271,0.000969102630818604,0.027450980392156876,0.01190986316068903,2.744823556824067e-06
6,10,0.015873015873015872,0.0009775171065493646,0.004581994257198271,0.00025773968454523803,0.025362072336265973,0.01176138034180072,2.4435484114899166e-06
6,12,0.015873015873015872,0.0002442002442002442,0.004581994257198271,7.692689276962108e-05,0.025152625152625174,0.011753787368662115,2.5150110141131666e-06
8,3,0.00392156862745098,0.14285714285714285,0.0011319390324611145,0.041253836097999305,0.14834285714285722,0.08256386738962261,1.4284285857142376e-05
8,4,0.00392156862745098,0.06666666666666667,0.0011319390324611145,0.019225547510764527,0.07106666666666661,0.03856994961983241,6.666000066619746e-06
8,6,0.00392156862745098,0.015873015873015872,0.0011319390324611145,0.004611059299238468,0.021358730158730244,0.009664761541322653,1.587142873022273e-06
8,8,0.00392156862745098,0.00392156862745098,0.0011319390324611145,0.0011320506201037332,0.009898039215686327,0.003681591861760244,3.92117650947106e-07
8,10,0.00392156862745098,0.0009775171065493646,0.0011319390324611145,0.0002943388582857006,0.006988269794721447,0.0029639627644752788,6.84193555181197e-07
8,12,0.00392156862745098,0.0002442002442002442,0.0011319390324611145,7.36701236358119e-05,0.0063365079365079735,0.002907380590349987,6.104395664996827e-07
10,3,0.0009775171065493646,0.14285714285714285,0.00028233108042097633,0.041237241327464855,0.14377142857142844,0.0824766247987101,1.4284285857142376e-05
10,4,0.0009775171065493646,0.06666666666666667,0.00028233108042097633,0.019243650052909646,0.0679333333333334,0.03849299858438037,6.6660000666189475e-06
10,6,0.0009775171065493646,0.015873015873015872,0.00028233108042097633,0.004586334887187669,0.01725714285714286,0.00919607000144776,1.587142873022817e-06
10,8,0.0009775171065493646,0.00392156862745098,0.00028233108042097633,0.001134249292651291,0.005286274509803901,0.0023788479110537575,3.921176509466509e-07
10,10,0.0009775171065493646,0.0009775171065493646,0.00028233108042097633,0.0002849970061431816,0.002454740957966939,0.0009220684421874135,9.774193641373305e-08
10,12,0.0009775171065493646,0.0002442002442002442,0.00028233108042097633,7.137220238483123e-05,0.0017291819291820332,0.0007380959207117737,1.7092307858461668e-07
12,3,0.0002442002442002442,0.14285714285714285,7.046866222620328e-05,0.04123679519184095,0.14294285714285715,0.08247454646936005,1.428428585714291e-05
12,4,0.0002442002442002442,0.06666666666666667,7.046866222620328e-05,0.019244946144461966,0.06686666666666663,0.038488472695258055,6.666000066619036e-06
12,6,0.0002442002442002442,0.015873015873015872,7.046866222620328e-05,0.004581659167485967,0.016174603174603175,0.009165116211294004,1.5871428730227727e-06
12,8,0.0002442002442002442,0.00392156862745098,7.046866222620328e-05,0.0011319735160987144,0.004231372549019619,0.002270722918972109,3.9211765094614024e-07
12,10,0.0002442002442002442,0.0009775171065493646,7.046866222620328e-05,0.00028177446783749757,0.0013358748778103946,0.0005927051912034245,9.774193641382186e-08
12,12,0.0002442002442002442,0.0002442002442002442,7.046866222620328e-05,6.959443913362467e-05,0.000597557997558118,0.00022855852685402876,2.4417582614622803e-08
