optical_power_W,mean_current_theory_A,mean_current_measured_A,sigma_theory_A,sigma_measured_A,relative_sigma_error
1e-12,5.001e-09,5.009961438236545e-09,4.003120119765081e-09,3.999796364088805e-09,0.0008302912670208024
2.1544346900318868e-12,5.002154434690032e-09,5.008226888241534e-09,4.003582134768774e-09,4.0062408049049695e-09,0.0006640728344515361
4.6415888336127725e-12,5.0046415888336125e-09,5.003335172974083e-09,4.004577334794235e-09,4.00564416536721e-09,0.00026640278955432535
1e-11,5.01e-09,4.991841861327618e-09,4.006720588296618e-09,4.007306559021715e-09,0.00014624696486411525
2.1544346900318868e-11,5.021544346900319e-09,5.019692371486481e-09,4.011334196797489e-09,4.011334848731431e-09,1.6252296863781305e-07
4.641588833612773e-11,5.0464158883361276e-09,5.065486453957995e-09,4.021255928621927e-09,4.0128627184567124e-09,0.002087211138558648
1e-10,5.1e-09,5.097517496560927e-09,4.04254890716241e-09,4.035753964208727e-09,0.001680856090978671
2.1544346900318779e-10,5.215443469003188e-09,5.207642429486915e-09,4.0880463945471094e-09,4.070229073316957e-09,0.00435839506467396
4.6415888336127727e-10,5.464158883361277e-09,5.461260971344052e-09,4.18438709666899e-09,4.176478422059107e-09,0.001890043733329208
1e-09,6e-09,6.0083377123006845e-09,4.3847599259252495e-09,4.389859715090307e-09,0.0011630714682700479
2.154434690031878e-09,7.154434690031878e-09,7.14202842152426e-09,4.7880409542626315e-09,4.797537916031525e-09,0.001983475467234332
4.641588833612773e-09,9.641588833612773e-09,9.636077448439176e-09,5.558332185799927e-09,5.559516271566187e-09,0.00021302896744550831
1e-08,1.5000000000000002e-08,1.4994660353349856e-08,6.932914179477488e-09,6.9278843819078846e-09,0.0007254954322804122
2.1544346900318822e-08,2.6544346900318824e-08,2.6530303765483375e-08,9.222660393669622e-09,9.213389366157192e-09,0.001005244378161577
4.641588833612773e-08,5.1415888336127726e-08,5.141879019653831e-08,1.2835679561947391e-08,1.2857099642820268e-08,0.0016687921172774136
1e-07,1.05e-07,1.0488694464757714e-07,1.8342766779850852e-08,1.8337763172593034e-08,0.0002727836709626004
2.1544346900318822e-07,2.2044346900318822e-07,2.2041278035091302e-07,2.6577786783508195e-08,2.6609447887489627e-08,0.0011912618698964616
4.6415888336127725e-07,4.6915888336127726e-07,4.6913435878906333e-07,3.877306798681192e-08,3.886140002192659e-08,0.002278180182819408
1e-06,1.005e-06,1.0047199303825423e-06,5.6748348296139856e-08,5.6784471726881485e-08,0.0006365547513932857
2.1544346900318822e-06,2.159434690031882e-06,2.159336751415009e-06,8.31840826482821e-08,8.318251157054442e-08,1.8886759193065163e-05
4.641588833612773e-06,4.646588833612773e-06,4.646889245922223e-06,1.220217690170053e-07,1.2211616629301532e-07,0.0007736101252298384
1e-05,1.0005000000000002e-05,1.0005400097098545e-05,1.790518205613671e-07,1.7895665289784146e-07,0.0005315090526712805
2.1544346900318823e-05,2.1549346900318824e-05,2.154961242874642e-05,2.627769399382341e-07,2.618185163680108e-07,0.003647289486088746
4.641588833612772e-05,4.642088833612772e-05,4.6420368537219296e-05,3.856798221884753e-07,3.8565319360155613e-07,6.904324620372006e-05
0.0001,0.000100005,0.00010000658435325787,5.66084223915788e-07,5.655072071843981e-07,0.001019312510421955
0.00021544346900318777,0.00021544846900318777,0.00021544489992001835,8.30886879025034e-07,8.327590974267586e-07,0.0022532771295190783
0.00046415888336127724,0.00046416388336127727,0.0004641646041868335,1.2195675694836591e-06,1.2212088987605485e-06,0.0013458288970280422
0.001,0.001000005,0.0010000089698054752,1.7900752190247035e-06,1.7894573031732373e-06,0.0003451898807933312
0.0021544346900318778,0.0021544396900318777,0.002154440776079968,2.6274675757204986e-06,2.6315058010263786e-06,0.0015369267895809155
0.004641588833612773,0.004641593833612773,0.004641585245033717,3.856592585361556e-06,3.849418350576069e-06,0.0018602521854962765
0.01,0.010000005000000001,0.009999992087173034,5.660702138583723e-06,5.66311362484158e-06,0.00042600479566307027
